{
  "297211090": 1760939380.075492,
  "1008825466": 1760940371.9386332
}